Fname,Lname,Goals Scored,Assists,Total Points,Minutes,Goals Conceded,Clean Sheets
David,Ospina,0,0,19,380,3,2
Petr,Cech,0,0,124,3039,48,11
Damian Emiliano,Martinez,0,0,0,0,0,0
Laurent,Koscielny,2,0,100,2225,32,9
Per,Mertesacker,1,0,16,364,7,0
Gabriel Armando,de Abreu,0,0,0,0,0,0
Héctor,Bellerín,2,4,132,3050,44,12
Carl,Jenkinson,0,0,0,0,0,0
Nacho,Monreal,5,2,130,2241,29,10
Rob,Holding,0,1,27,819,17,3
Shkodran,Mustafi,3,1,109,2272,30,10
Sead,Kolasinac,2,4,108,2146,30,10
Mesut,Özil,4,9,112,2161,36,8
Santiago,Cazorla,0,0,0,0,0,0
Aaron,Ramsey,7,10,130,1844,25,9
Francis,Coquelin,0,0,7,164,6,0
Alex,Iwobi,3,5,89,1827,26,9
Mohamed,Elneny,0,1,22,865,12,3
Granit,Xhaka,1,8,109,3259,50,12
Jack,Wilshere,1,3,46,1185,16,4
Danny,Welbeck,5,2,70,1178,21,4
Lucas,Pérez,0,0,0,0,0,0
Alexandre,Lacazette,14,5,138,2197,28,10
Henrikh,Mkhitaryan,3,9,107,1712,17,12
Calum,Chambers,0,0,23,864,14,2
Reiss,Nelson,0,0,5,144,3,0
Ainsley,Maitland-Niles,0,0,25,908,16,3
Matt,Macey,0,0,0,0,0,0
Edward,Nketiah,0,0,3,17,1,0
Mathieu,Debuchy,0,0,0,0,0,0
Konstantinos,Mavropanos,0,0,4,194,5,1
Pierre-Emerick,Aubameyang,10,4,87,1056,15,4
Joseph,Willock,0,0,3,81,2,0
Jordi,Osei-Tutu,0,0,0,0,0,0
Asmir,Begovic,0,0,112,3420,61,6
Artur,Boruc,0,0,0,0,0,0
Adam,Federici,0,0,0,0,0,0
Simon,Francis,0,1,56,2708,47,4
Steve,Cook,2,1,83,2764,53,5
Charlie,Daniels,1,3,94,3001,50,6
Adam,Smith,1,3,56,2067,38,2
Tyrone,Mings,0,0,3,201,5,0
Bradley,Smith,0,0,0,0,0,0
Nathan,Aké,2,3,102,3352,59,6
Harry,Arter,1,0,27,959,13,3
Marc,Pugh,0,0,32,974,17,5
Andrew,Surman,2,5,82,1851,29,5
Junior,Stanislas,5,3,75,1285,22,2
Dan,Gosling,2,1,59,1941,41,1
Max,Gradel,0,0,0,0,0,0
Jordon,Ibe,2,6,85,1988,33,4
Lewis,Cook,0,2,58,2234,42,3
Ryan,Fraser,5,3,97,2003,38,2
Callum,Wilson,8,2,102,1981,33,6
Benik,Afobe,0,1,24,534,12,0
Lys,Mousset,2,0,36,581,16,1
Joshua,King,8,4,110,2450,38,7
Jermain,Defoe,4,2,60,1075,21,2
Aaron,Ramsdale,0,0,0,0,0,0
Jack,Simpson,0,0,1,71,2,0
Emerson,Hyndman,0,0,1,58,1,0
Connor,Mahoney,0,0,0,0,0,0
Matt,Butcher,0,0,0,0,0,0
Kyle,Taylor,0,0,0,0,0,0
Niki,Mäenpää,0,0,0,0,0,0
Mathew,Ryan,0,0,146,3420,54,10
Lewis,Dunk,1,1,97,3420,54,10
Shane,Duffy,0,2,100,3292,52,10
Uwe,Hünemeier,0,0,1,17,1,0
Bruno,Saltor Grau,0,0,84,2014,23,10
Gaëtan,Bong,0,0,63,2237,36,6
Liam,Rosenior,0,0,3,163,3,0
Connor,Goldson,0,0,6,199,5,1
Anthony,Knockaert,3,1,88,2415,29,11
Dale,Stephens,0,3,87,3240,50,10
Beram,Kayal,0,0,25,735,14,1
Steve,Sidwell,0,0,0,0,0,0
Solomon,March,1,3,74,1838,29,6
Jiri,Skalak,0,0,0,0,0,0
Oliver,Norwood,0,0,0,0,0,0
Jamie,Murphy,0,0,6,166,4,0
Pascal,Groß,7,8,164,2928,46,10
Glenn,Murray,12,0,111,2184,36,8
Tomer,Hemed,2,2,43,842,8,3
Sam,Baldock,0,0,2,30,1,0
Leonardo,Ulloa,1,0,20,279,4,1
Markus,Suttner,0,0,38,1178,18,4
Isaiah,Brown,0,0,16,302,8,0
Davy,Pröpper,0,4,87,3118,50,9
José Heriberto,Izquierdo Mena,5,5,101,1976,32,5
Ezequiel,Schelotto,0,0,20,1313,30,0
Tim,Krul,0,0,0,0,0,0
Jayson,Molumby,0,0,0,0,0,0
Jürgen,Locadia,1,1,16,221,8,1
Tom,Heaton,0,0,8,305,4,0
Paul,Robinson,0,0,0,0,0,0
Matthew,Lowton,0,3,89,2295,26,8
Ben,Mee,0,0,90,2610,27,9
Stephen,Ward,1,1,102,2460,27,9
James,Tarkowski,0,1,101,2790,30,11
Kevin,Long,1,2,57,1440,21,4
Charlie,Taylor,0,0,23,949,12,2
Scott,Arfield,2,2,56,1330,15,6
Dean,Marney,0,0,0,0,0,0
Johann Berg,Gudmundsson,2,9,117,2831,33,10
Steven,Defour,1,1,62,1998,17,12
Jeff,Hendrick,2,2,85,2326,28,9
Robbie,Brady,1,4,56,1277,12,6
Ashley,Westwood,0,1,35,1105,17,2
Jonathan,Walters,0,0,3,36,2,0
Jack,Cork,2,1,100,3420,39,12
Sam,Vokes,4,2,63,977,16,2
Ashley,Barnes,9,0,92,2150,23,5
Aaron,Lennon,0,4,65,1906,30,6
Nahki,Wells,0,0,9,46,3,0
Phil,Bardsley,0,0,33,1125,13,4
Georges-Kévin,Nkoudou,0,0,11,223,2,1
Nick,Pope,0,0,152,3114,35,11
Chris,Wood,10,1,104,1621,11,10
Adam,Legzdins,0,0,0,0,0,0
Anders,Lindegaard,0,0,0,0,0,0
Fredrik,Ulvestad,0,0,0,0,0,0
Aiden,O'Neill,0,0,0,0,0,0
Dwight,McNeil,0,0,1,1,0,0
Olivier,Giroud,7,1,77,981,11,5
Thibaut,Courtois,0,0,136,3150,34,15
Eduardo,dos Reis Carvalho,0,0,0,0,0,0
Willy,Caballero,0,0,11,270,4,1
César,Azpilicueta,2,6,175,3330,38,15
Gary,Cahill,0,0,74,2082,27,9
Marcos,Alonso,7,2,165,2855,30,13
David,Luiz Moreira Marinho,1,2,32,838,13,3
Victor,Moses,3,6,131,2109,20,11
Antonio,Rüdiger,2,1,115,2336,22,12
Eden,Hazard,12,6,173,2417,27,12
Cesc,Fàbregas,2,4,89,2300,26,11
Willian,Borges Da Silva,6,8,130,1874,19,9
Pedro,Rodríguez Ledesma,4,2,81,1511,14,8
N'Golo,Kanté,1,2,101,2994,32,16
Michy,Batshuayi,2,1,25,351,7,1
Diego,Da Silva Costa,0,0,0,0,0,0
Ross,Barkley,0,0,3,129,4,0
Kasey,Palmer,0,0,4,168,2,1
Daniel,Drinkwater,1,0,24,520,7,1
Tiemoué,Bakayoko,2,2,77,2121,24,11
Andreas,Christensen,0,0,79,2067,23,8
Charly,Musonda,0,1,6,35,0,0
Álvaro,Morata,11,6,122,2055,19,11
Fikayo,Tomori,0,0,0,0,0,0
Kyle,Scott,0,0,0,0,0,0
Jeremie,Boga,0,0,1,17,0,0
Davide,Zappacosta,1,1,58,1087,15,5
Ethan,Ampadu,0,0,1,10,1,0
Callum,Hudson-Odoi,0,0,2,27,1,0
Dujon,Sterling,0,0,0,0,0,0
Emerson,Palmieri dos Santos,0,1,14,278,4,1
Trevoh,Chalobah,0,0,0,0,0,0
Ruben,Loftus-Cheek,2,5,77,1871,30,6
Wayne,Hennessey,0,0,99,2430,41,7
Julian,Speroni,0,0,36,990,14,2
James,Tomkins,3,0,99,2386,32,9
Scott,Dann,1,0,32,1434,26,1
Joel,Ward,0,1,41,1613,25,4
Martin,Kelly,0,0,34,1193,21,4
Damien,Delaney,0,0,1,95,5,0
Pape,Souaré,0,0,1,8,0,0
Jeffrey,Schlupp,0,2,50,1742,30,3
Patrick,van Aanholt,5,1,95,2182,38,6
Jason,Puncheon,0,0,11,574,14,0
Wilfried,Zaha,9,7,136,2549,31,10
James,McArthur,5,2,101,2425,35,7
Chung-yong,Lee,0,0,8,131,3,0
Yohan,Cabaye,0,4,73,2374,36,8
Bakary,Sako,3,0,36,466,10,1
Andros,Townsend,2,9,121,3120,48,9
Luka,Milivojevic,10,2,144,3079,52,8
Connor,Wickham,0,0,0,0,0,0
Christian,Benteke,3,7,84,2234,36,6
Mamadou,Sakho,1,2,81,1597,23,6
Timothy,Fosu-Mensah,0,0,39,1592,29,2
Jairo,Riedewald,0,0,23,435,6,2
Jason,Lokilo,0,0,0,0,0,0
Olayinka Fredrick Oladotun,Ladapo,0,0,1,16,1,0
Sullay,Kaikai,0,0,1,13,0,0
Keshi,Anderson,0,0,0,0,0,0
Levi,Lumeka,0,0,1,25,0,0
Jordon,Mutch,0,0,0,0,0,0
Dion,Henry,0,0,0,0,0,0
Aaron,Wan-Bissaka,0,0,15,627,10,2
Jaroslaw,Jach,0,0,0,0,0,0
Erdal,Rakip,0,0,0,0,0,0
Alexander,Sørloth,0,0,8,360,9,0
Nya,Kirby,0,0,0,0,0,0
Diego,Cavalieri,0,0,0,0,0,0
James,Daly,0,0,0,0,0,0
Theo,Walcott,3,3,62,1214,17,4
Jordan,Pickford,0,0,145,3420,58,10
Joel,Robles,0,0,0,0,0,0
Maarten,Stekelenburg,0,0,0,0,0,0
Leighton,Baines,2,3,82,1909,34,5
Seamus,Coleman,0,1,39,1035,12,4
Phil,Jagielka,0,0,60,2063,39,6
Matthew,Pennington,0,0,0,0,0,0
Ramiro,Funes Mori,0,0,3,119,2,0
Ashley,Williams,1,0,56,1830,31,5
Mason,Holgate,0,0,37,1183,14,4
Jonjoe,Kenny,0,2,50,1589,31,5
Michael,Keane,0,1,81,2559,46,7
Yannick,Bolasie,1,1,35,848,14,3
Kevin,Mirallas,0,0,5,135,8,0
James,McCarthy,0,0,6,204,6,0
Muhamed,Besic,0,0,2,46,0,0
Morgan,Schneiderlin,0,0,52,2124,38,6
Idrissa,Gueye,2,2,87,2749,45,9
Tom,Davies,2,2,66,1892,24,6
Ademola,Lookman,0,1,10,153,6,0
Davy,Klaassen,0,0,7,248,6,0
Dominic,Calvert-Lewin,4,8,88,1871,28,6
Sandro,Ramírez,0,0,10,275,7,1
Wayne,Rooney,10,3,113,2265,33,7
Gylfi,Sigurdsson,4,4,96,2257,40,6
Cuco,Martina,0,2,55,1830,30,5
Eliaquim,Mangala,0,0,22,617,7,2
Nikola,Vlasic,0,0,18,572,12,1
Oumar,Niasse,8,3,83,1076,23,0
Beni,Baningime,0,0,7,192,2,0
Cenk,Tosun,5,0,55,984,13,4
Luke,Garbutt,0,0,0,0,0,0
Joel,Coleman,0,0,0,0,0,0
Jonas,Lössl,0,1,135,3420,58,10
Christopher,Schindler,0,2,102,3264,53,9
Chris,Löwe,0,0,60,1585,26,7
Tommy,Smith,0,1,50,1902,31,5
Michael,Hefele,0,0,1,32,1,0
Martin,Cranie,0,0,2,179,7,0
Jon Gorenc,Stankovic,0,0,0,0,0,0
Mark,Hudson,0,0,0,0,0,0
Mathias,Jorgensen,0,3,107,3420,58,10
Aaron,Mooy,4,3,113,3066,52,10
Rajiv,van La Parra,3,0,74,2131,36,6
Jonathan,Hogg,0,0,53,2396,40,7
Philip,Billing,0,0,22,755,11,3
Joe,Lolley,1,0,11,217,5,0
Jack,Payne,0,0,0,0,0,0
Dean,Whitehead,0,0,4,68,3,0
Harry,Bunn,0,0,0,0,0,0
Sean,Scannell,0,0,0,0,0,0
Elias,Kachunga,1,1,46,1327,23,6
Tom,Ince,2,1,82,2450,39,7
Danny,Williams,0,0,28,1115,22,0
Collin,Quaner,0,4,44,1268,23,3
Laurent,Depoitre,6,2,94,1807,34,4
Steve,Mounie,7,2,92,1849,32,6
Scott,Malone,0,1,41,1110,23,3
Florent,Hadergjonaj,0,1,51,1670,28,4
Abdelhamid,Sabiri,0,1,10,217,5,1
Robert,Green,0,0,0,0,0,0
Terence,Kongolo,0,0,30,1047,14,2
Alex,Pritchard,1,2,40,997,12,3
Kasper,Schmeichel,0,0,123,2965,47,8
Ben,Hamer,0,0,9,274,7,1
Wes,Morgan,0,0,61,2817,52,5
Christian,Fuchs,0,1,57,1917,35,4
Danny,Simpson,0,0,55,2306,41,5
Robert,Huth,0,0,0,0,0,0
Yohan,Benalouane,0,0,1,90,2,0
Benjamin,Chilwell,0,2,65,1848,30,6
Harry,Maguire,2,4,117,3420,60,9
Riyad,Mahrez,12,13,195,2948,51,9
Marc,Albrighton,2,8,107,2533,42,8
Demarai,Gray,3,3,80,1683,35,4
Daniel,Amartey,0,0,13,486,7,3
Nampalys,Mendy,0,0,0,0,0,0
Wilfred,Ndidi,0,4,78,2896,45,9
Ahmed,Musa,0,0,0,0,0,0
Vicente,Iborra,3,0,58,1411,23,3
Jamie,Vardy,20,2,183,3248,57,8
Shinji,Okazaki,6,3,76,1314,19,5
Kelechi,Iheanacho,3,4,54,818,17,1
Eldin,Jakupovic,0,0,4,180,6,0
Matty,James,0,0,26,991,15,4
Aleksandar,Dragovic,0,0,28,766,14,4
Hamza,Choudhury,0,1,13,375,9,0
George,Thomas,0,0,0,0,0,0
Adrien Sebastian,Perruchet Silva,0,2,23,760,18,1
Fousseni,Diabaté,0,1,21,579,12,0
Harvey,Barnes,0,0,3,8,0,0
Sam,Hughes,0,0,0,0,0,0
Layton,Ndukwu,0,0,0,0,0,0
Alex,Oxlade-Chamberlain,3,7,94,1718,28,5
Simon,Mignolet,0,0,67,1710,24,7
Loris,Karius,0,0,88,1710,14,10
Dejan,Lovren,2,1,110,2124,24,11
Alberto,Moreno,0,1,52,1264,19,6
Nathaniel,Clyne,0,0,7,173,1,1
Joseph,Gomez,0,2,86,1901,22,9
Joel,Matip,1,0,81,1995,27,9
Ragnar,Klavan,1,0,78,1449,15,8
James,Milner,0,3,77,1759,25,6
Trent,Alexander-Arnold,1,2,83,1573,17,8
Leiva,Lucas,0,0,0,0,0,0
Jordan,Henderson,1,1,75,2169,21,14
Philippe,Coutinho,7,7,103,1109,14,5
Emre,Can,3,6,92,2089,29,8
Adam,Lallana,0,0,13,234,1,1
Oluwaseyi,Ojo,0,0,0,0,0,0
Sadio,Mané,10,8,147,2189,24,15
Marko,Grujic,0,0,3,14,0,0
Georginio,Wijnaldum,1,2,85,2381,23,15
Ben,Woodburn,0,0,1,6,0,0
Mohamed,Salah,32,12,303,2905,29,15
Roberto,Firmino,15,8,181,2760,32,16
Danny,Ings,1,1,18,262,0,3
Divock,Origi,0,0,1,9,1,0
Dominic,Solanke,1,2,38,581,4,3
Virgil,van Dijk,0,0,78,2253,28,8
Andrew,Robertson,1,5,111,1940,18,10
Jon,Flanagan,0,0,0,0,0,0
Danny,Ward,0,0,0,0,0,0
Conor,Masterson,0,0,0,0,0,0
Curtis,Jones,0,0,0,0,0,0
Rafael,Camacho,0,0,0,0,0,0
Ederson,Santana de Moraes,0,0,158,3195,26,16
Claudio,Bravo,0,0,10,224,1,1
John,Stones,0,0,70,1301,11,9
Aleksandar,Kolarov,0,0,0,0,0,0
Vincent,Kompany,1,1,60,1394,11,6
Nicolás,Otamendi,4,0,156,2966,25,15
Fabian,Delph,1,2,55,1740,17,6
Raheem,Sterling,18,17,229,2584,23,13
David,Silva,9,11,169,2431,18,14
Gnegneri Yaya,Touré,0,2,16,227,2,0
Fernando,Luiz Rosa,5,4,120,2880,24,15
Fernando Francisco,Reges,0,0,0,0,0,0
Kevin,De Bruyne,8,18,209,3073,22,19
Ilkay,Gündogan,4,2,82,1504,15,6
Manuel,Agudo Durán,0,0,0,0,0,0
Leroy,Sané,10,15,179,2415,22,12
Bernardo Mota,Veiga de Carvalho e Silva,6,5,112,1514,10,9
Sergio,Agüero,21,6,169,1960,12,13
Gabriel Fernando,de Jesus,13,7,126,1660,12,9
Kyle,Walker,0,6,138,2784,22,15
Danilo Luiz,da Silva,3,2,100,1340,11,9
Benjamin,Mendy,0,1,20,360,1,2
Phil,Foden,0,1,8,45,1,0
Brahim,Diaz,0,0,5,50,1,0
Oleksandr,Zinchenko,0,0,16,530,3,3
Oluwatosin,Adarabioyo,0,0,0,0,0,0
Aymeric,Laporte,0,0,35,806,5,4
Lukas,Nmecha,0,0,2,14,0,0
Alexis,Sánchez,9,10,152,2546,32,11
Nemanja,Matic,1,1,91,3117,26,16
David,De Gea,0,0,172,3330,28,18
Sergio,Romero,0,0,7,90,0,1
Joel Dinis,Castro Pereira,0,0,0,0,0,0
Chris,Smalling,4,0,123,2535,24,11
Phil,Jones,0,0,116,1973,11,15
Luke,Shaw,0,0,48,787,2,7
Marcos,Rojo,0,0,23,639,8,3
Antonio,Valencia,3,1,146,2741,22,16
Matteo,Darmian,0,0,27,443,3,3
Daley,Blind,0,0,28,360,0,4
Eric,Bailly,1,0,55,1000,6,7
Axel,Tuanzebe,0,0,1,1,0,0
Victor,Lindelöf,0,0,47,1284,14,5
Juan,Mata,3,5,100,1919,10,15
Marouane,Fellaini,4,0,47,611,1,4
Michael,Carrick,0,0,4,108,0,1
Ashley,Young,2,6,98,2444,26,9
Ander,Herrera,0,2,44,1257,14,5
Jesse,Lingard,8,6,128,1807,18,9
Anthony,Martial,9,6,125,1572,13,9
Paul,Pogba,6,13,138,2145,20,11
Scott,McTominay,0,0,21,629,3,4
Marcus,Rashford,7,5,104,1799,16,10
Romelu,Lukaku,16,7,162,2866,26,14
Andreas,Pereira,0,0,0,0,0,0
Zlatan,Ibrahimovic,0,0,5,102,2,0
Robert Kenedy,Nunes do Nascimento,2,2,51,1023,9,6
Islam,Slimani,1,1,25,369,4,1
Robert,Elliot,0,0,57,1440,21,3
Karl,Darlow,0,0,33,900,15,2
DeAndre,Yedlin,0,2,88,2842,37,7
Ciaran,Clark,2,1,64,1745,30,4
Jamaal,Lascelles,3,0,116,2927,31,9
Paul,Dummett,0,0,52,1602,18,5
Grant,Hanley,0,0,0,0,0,0
Jesús,Gámez Duarte,0,0,9,97,0,1
Florian,Lejeune,0,2,66,2103,32,5
Matt,Ritchie,3,7,116,2802,35,9
Jonjo,Shelvey,1,4,73,2264,30,6
Yoan,Gouffran,0,0,0,0,0,0
Mohamed,Diamé,2,0,70,2034,27,6
Jack,Colback,0,0,0,0,0,0
Christian,Atsu,2,4,78,1776,22,6
Dwight,Gayle,6,3,94,1946,31,6
Ayoze,Pérez,8,6,124,2486,28,8
Aleksandar,Mitrovic,1,0,10,89,0,0
Daryl,Murphy,0,0,0,0,0,0
Massadio,Haidara,0,0,1,3,0,0
Siem,de Jong,0,0,0,0,0,0
Rolando,Aarons,0,0,5,136,2,0
Javier,Manquillo,0,1,49,1757,31,4
Jacob,Murphy,1,2,51,1137,25,2
Jose Luis,Mato Sanmartín,4,1,69,1703,25,5
Chancel,Mbemba,0,0,20,670,11,1
Mikel,Merino,1,1,49,1337,18,3
Isaac,Hayden,1,0,41,1365,25,3
Henri,Saivet,1,0,8,83,2,0
Freddie,Woodman,0,0,0,0,0,0
Martin,Dubravka,0,0,53,1080,11,4
Alex,McCarthy,0,0,52,1620,26,4
Fraser,Forster,0,0,73,1800,30,4
Ryan,Bertrand,0,5,103,3135,49,8
Maya,Yoshida,2,1,76,2049,32,6
Matt,Targett,0,0,2,166,6,0
Cédric,Soares,0,3,85,2794,44,7
Jérémy,Pied,0,1,7,180,3,0
Jack,Stephens,2,0,58,1980,33,5
Sam,McQueen,0,0,14,142,2,1
Jan,Bednarek,1,0,22,427,5,2
Steven,Davis,3,2,71,1515,21,4
James,Ward-Prowse,3,5,84,1708,29,2
Dusan,Tadic,6,3,122,2791,43,10
Jordy,Clasie,0,0,0,0,0,0
Oriol,Romeu Vidal,1,0,68,2897,47,8
Pierre-Emile,Højbjerg,0,0,39,1666,30,3
Sofiane,Boufal,2,2,55,1206,24,1
Joshua,Sims,0,0,8,160,2,1
Nathan,Redmond,1,3,72,1938,31,7
Shane,Long,2,2,53,1570,28,4
Charlie,Austin,7,1,72,1024,15,4
Manolo,Gabbiadini,5,0,66,1067,17,4
Mario,Lemina,1,1,58,1715,31,4
Stuart,Taylor,0,0,0,0,0,0
Wesley,Hoedt,0,2,74,2520,42,5
Michael,Obafemi,0,0,1,8,0,0
Guido,Carrillo,0,1,15,449,8,1
Kurt,Zouma,1,0,87,2887,50,7
Jack,Butland,0,0,125,3150,61,6
Lee,Grant,0,0,5,270,7,0
Ryan,Shawcross,1,1,67,2371,40,5
Geoff,Cameron,0,0,33,1522,30,2
Erik,Pieters,0,1,71,2717,50,7
Marc,Muniesa,0,0,0,0,0,0
Glen,Johnson,0,0,5,546,14,0
Josh,Tymon,0,0,0,162,9,0
Joe,Allen,2,6,109,3139,55,6
Charlie,Adam,0,0,10,405,9,2
Glenn,Whelan,0,0,0,0,0,0
Ibrahim,Afellay,0,0,6,162,9,0
Xherdan,Shaqiri,8,9,155,3039,58,6
Giannelli,Imbula,0,0,0,0,0,0
Bojan,Krkic Perez,0,0,2,71,1,0
Ramadan,Sobhi,2,1,51,1227,30,2
Darren,Fletcher,1,1,67,2217,49,4
Peter,Crouch,5,2,73,1551,27,2
Mame Biram,Diouf,6,3,99,2592,49,8
Saido,Berahino,0,1,20,483,13,2
Kevin,Wimmer,0,0,19,1321,32,1
Eric Maxim,Choupo-Moting,5,5,107,2241,45,5
Jesé,Rodríguez Ruiz,1,1,31,609,17,1
Bruno,Martins Indi,0,0,20,1242,28,1
Harry,Souttar,0,0,0,0,0,0
Thomas,Edwards,0,0,6,481,15,0
Julien,Ngoy,0,0,1,19,2,0
Jakob,Haugaard,0,0,0,0,0,0
Stephen,Ireland,0,0,4,128,4,0
Moritz,Bauer,0,0,41,1307,18,5
Konstantinos,Stafylidis,0,0,6,334,6,0
Papa Alioune,Ndiaye,2,1,41,1138,17,2
Tyrese,Campbell,0,0,4,75,2,0
Lasse,Sorenson,0,1,5,75,1,0
Andy,King,3,1,51,1247,26,1
Lukasz,Fabianski,0,0,157,3420,56,9
Kristoffer,Nordfeldt,0,0,0,0,0,0
Kyle,Naughton,0,2,101,3030,50,9
Angel,Rangel,0,0,4,154,3,0
Federico,Fernández,1,1,85,2676,44,7
Stephen,Kingsley,0,0,0,0,0,0
Mike,van der Hoorn,1,0,74,1944,27,8
Alfie,Mawson,2,1,112,3420,56,9
Martin,Olsson,0,1,89,3149,50,10
Wayne,Routledge,0,0,17,420,11,1
Leon,Britton,0,0,10,301,1,3
Jay,Fulton,0,0,1,17,0,0
Sung-yueng,Ki,2,2,73,1865,29,5
Jefferson,Montero,0,0,0,0,0,0
Leroy,Fer,1,1,41,1394,26,4
Nathan,Dyer,0,1,41,1300,21,3
Tom,Carroll,0,4,85,2562,39,7
Modou,Barrow,0,0,0,0,0,0
Luciano,Narsingh,1,0,30,614,15,1
Roque,Mesa,0,0,18,753,16,2
Oliver,McBurnie,0,1,16,267,5,0
Jordan,Ayew,7,2,108,2850,49,7
Tammy,Abraham,5,3,86,1715,31,4
André,Ayew,3,5,77,1834,42,3
Kyle,Bartley,0,0,5,233,4,0
Sam,Clucas,3,1,75,2039,30,5
Renato,Sanches,0,0,20,699,10,2
Wilfried,Bony,2,1,33,701,8,2
Joe,Rodon,0,0,0,0,0,0
Erwin,Mulder,0,0,0,0,0,0
Connor,Roberts,0,0,7,267,4,0
Fernando,Llorente,1,0,22,224,2,1
Hugo,Lloris,0,0,144,3240,35,15
Michel,Vorm,0,0,3,90,1,0
Toby,Alderweireld,0,0,43,1177,13,5
Danny,Rose,0,2,24,800,14,2
Jan,Vertonghen,0,1,138,3203,31,16
Ben,Davies,2,7,143,2323,20,12
Kieran,Trippier,0,7,113,1912,21,9
Eric,Dier,0,2,85,2822,30,15
Mousa,Dembélé,0,0,52,1875,22,7
Erik,Lamela,2,4,55,826,12,4
Christian,Eriksen,11,10,199,3218,33,17
Bamidele,Alli,9,13,175,2957,28,16
Victor,Wanyama,1,0,32,837,11,2
Heung-Min,Son,12,8,178,2292,18,14
Harry,Winks,0,1,31,768,9,4
Moussa,Sissoko,1,1,58,1385,18,7
Harry,Kane,29,2,217,3074,34,15
Vincent,Janssen,0,0,1,1,0,0
Kyle,Walker-Peters,0,2,13,188,4,1
Cameron,Carter-Vickers,0,0,0,0,0,0
Davinson,Sánchez,0,0,107,2532,21,13
Tashan,Oakley-Boothe,0,0,0,0,0,0
Serge,Aurier,2,2,77,1427,13,6
Juan,Foyth,0,0,0,0,0,0
Paulo,Gazzaniga,0,0,9,90,0,1
Alfie,Whiteman,0,0,0,0,0,0
Lucas,Rodrigues Moura da Silva,0,1,11,206,6,0
Kazaiah,Sterling,0,0,0,0,0,0
Andre,Gray,5,3,79,1486,30,5
Nathaniel,Chalobah,0,0,13,447,7,3
Molla,Wagué,1,0,19,438,8,1
Costel,Pantilimon,0,0,0,0,0,0
Heurelho,Gomes,0,0,64,2128,40,5
Younes,Kaboul,0,0,7,151,3,1
Craig,Cathcart,0,0,14,495,6,1
Sebastian,Prödl,0,0,42,1566,29,5
José,Holebas,0,4,72,2381,47,6
Miguel,Britos,1,0,22,795,16,2
Christian,Kabasele,2,0,68,2329,43,6
Daryl,Janmaat,3,1,59,1818,37,2
Adrian,Mariappa,0,0,58,2206,43,6
Brandon,Mason,0,0,0,0,0,0
Francisco,Femenía Far,1,1,65,1709,34,5
Tom,Cleverley,1,2,58,1900,33,6
Etienne,Capoue,1,1,48,1537,29,4
Valon,Behrami,0,0,0,0,0,0
Steven,Berghuis,0,0,0,0,0,0
Nordin,Amrabat,0,0,6,198,3,1
Isaac,Success,0,0,0,0,0,0
Abdoulaye,Doucouré,7,4,136,3324,63,9
Roberto,Pereyra,5,3,81,1610,34,1
Will,Hughes,2,3,53,987,16,4
Troy,Deeney,5,2,73,1836,30,6
Stefano,Okaka,1,1,24,442,9,2
Mauro,Zárate,0,0,0,0,0,0
Ben,Watson,0,0,12,455,12,0
Jerome,Sinclair,0,0,4,29,1,0
Richarlison,de Andrade,5,8,125,2817,54,8
André,Carrillo,1,3,64,1529,31,4
Orestis,Karnezis,0,0,47,1291,24,4
Marvin,Zeegelaar,0,2,28,993,18,2
Michael,Folivi,0,0,0,0,0,0
Daniel,Bachmann,0,0,0,0,0,0
Gerard,Deulofeu,1,1,25,433,3,2
Carl,Stewart,0,0,0,0,0,0
Dodi,Lukebakio,0,0,1,15,1,0
Didier,Ndong,0,0,0,0,0,0
Joy,Mukena,0,0,0,0,0,0
Kieran,Gibbs,0,2,86,2826,44,8
Gareth,Barry,1,2,56,1921,35,4
Daniel,Sturridge,2,1,32,541,8,3
Boaz,Myhill,0,0,1,90,1,0
Ben,Foster,0,0,123,3330,55,10
Allan-Roméo,Nyom,0,1,70,2306,40,7
Jonny,Evans,2,2,78,2269,38,6
Craig,Dawson,2,1,87,2510,39,8
Gareth,McAuley,0,0,8,454,15,0
Jake,Livermore,2,2,89,2671,41,8
Nacer,Chadli,1,0,15,213,4,1
James,Morrison,1,0,13,205,1,2
Claudio,Yacob,0,0,23,898,17,3
James,McClean,1,0,45,1391,20,6
Jonathan,Leko,0,0,0,0,0,0
Matt,Phillips,2,3,81,2087,32,10
Sam,Field,1,0,23,534,7,4
Chris,Brunt,0,8,81,1917,23,9
Salomón,Rondón,7,3,103,2765,48,6
Hal,Robson-Kanu,2,0,32,816,14,4
Jay,Rodriguez,7,1,109,2807,41,10
Ahmed El-Sayed,Hegazi,2,0,114,3386,55,10
Rekeem,Harper,0,0,1,20,0,0
Kane,Wilson,0,0,0,0,0,0
Oliver,Burke,0,2,23,356,11,0
Grzegorz,Krychowiak,0,3,58,1634,30,4
Alex,Palmer,0,0,0,0,0,0
Max,Melbourne,0,0,0,0,0,0
Rayhaan,Tulloch,0,0,0,0,0,0
Nathan,Ferguson,0,0,0,0,0,0
Ali,Gabr,0,0,0,0,0,0
Kyle,Jameson,0,0,0,0,0,0
Marko,Arnautovic,11,7,144,2309,50,7
Adrián,San Miguel del Castillo,0,0,72,1710,29,6
Darren,Randolph,0,0,0,0,0,0
Jose,Fonte,0,2,34,688,11,3
James,Collins,1,0,36,1049,19,3
Winston,Reid,0,0,42,1452,27,5
Aaron,Cresswell,1,7,118,3069,60,10
Angelo,Ogbonna,1,0,77,2880,60,7
Sam,Byram,0,0,5,246,7,0
Arthur,Masuaku,0,3,68,1867,29,6
Pablo,Zabaleta,0,1,90,3289,62,10
Robert,Snodgrass,0,0,0,0,0,0
Mark,Noble,4,0,84,2400,45,7
Cheikhou,Kouyaté,2,3,86,2798,56,7
Pedro,Obiang,2,0,54,1562,29,5
Manuel,Lanzini,5,7,106,2039,44,6
Michail,Antonio,3,2,62,1350,23,7
Sofiane,Feghouli,0,0,0,0,0,0
Edimilson,Fernandes,0,2,29,840,20,2
Andy,Carroll,3,1,36,742,13,3
Diafra,Sakho,2,1,24,294,11,0
Ashley,Fletcher,0,0,0,0,0,0
Enner,Valencia,0,0,0,0,0,0
Joe,Hart,0,1,59,1710,39,4
Javier,Hernández Balcázar,8,2,93,1537,36,6
Declan,Rice,0,0,41,1421,29,3
Sead,Haksabanovic,0,0,0,0,0,0
Antonio,Martinez Lopez,0,0,0,0,0,0
Domingos,Quina,0,0,0,0,0,0
Ben,Johnson,0,0,0,0,0,0
Nathan,Trott,0,0,0,0,0,0
Moses,Makasi,0,0,0,0,0,0
Reece,Burke,0,0,0,0,0,0
Josh,Cullen,0,0,2,6,0,0
João Mário,Naval Costa Eduardo,2,1,46,1021,14,4
Reece,Oxford,0,0,1,4,0,0
Jordan,Hugill,0,0,3,22,0,0
Patrice,Evra,0,0,2,227,10,0
Marcus,Browne,0,0,0,0,0,0
Josh,Pask,0,0,0,0,0,0
Grady,Diangana,0,0,0,0,0,0
